{"cameraMode":{"drawMode":0,"name":"Shaded","section":"Shading Mode"},"sceneLighting":true,"audioPlay":false,"sceneViewState":{"showFog":false,"showMaterialUpdate":false,"showSkybox":false,"showFlares":false,"showImageEffects":false,"showParticleSystems":false},"in2DMode":false,"pivot":{"x":-3.4657084941864015,"y":-2.4918227195739748,"z":-5.0},"rotation":{"x":-0.10212837159633637,"y":0.008054938167333603,"z":-0.0008237402653321624,"w":-0.9947437644004822},"size":23.064958572387697,"orthographic":false}